country,gdp,prct_close_relat,prct_rpt_crime,High Job Satisfaction,prct_job_satis_med,prct_job_satis_low,prct_leisure_satis_high,prct_leisure_satis_med,prct_leisure_satis_low,life_expect,High Life Satisfaction,prct_life_satis_med,prct_life_satis_low,prct_low_savings,prct_budget_veryhard,prct_budget_hard,prct_budget_somehard,prct_budget_someeasy,prct_budget_easy,prct_budget_veryeasy,Median Income,prct_health_verygood,prct_health_good,prct_health_fair,prct_health_bad,prct_health_verybad,prct_rpt_pollution,total_pop,prct_yng_adt_pop,legal_trust_rating,police_trust_rating,political_trust_rating,med_income_underemp,unemp_rate,avg_hrs_worked,avg_temp,avg_high_temp,avg_low_temp,avg_precipitation,avg_gdp,lat,long,,Major Satisfaction
Austria,356237.6,95.8,12.4,42.2,47.6,10.2,35.3,41.4,23.3,81.8,37.9,49.3,12.9,22.6,4.3,8.5,26.1,29.7,21.4,9.9,23071,31.9,38.3,21.6,6.4,1.7,10.7,8401940,18.67754352,6,7.2,4.4,8.1,6,36.5,44.6,54.2,37.4,39.3,42.39944584,47.33,13.33,,Medium
Belgium,424660.3,92.2,13.4,23,68.5,8.5,21.5,60.6,17.9,81.5,20.9,69.9,9.2,25.9,9.3,12.2,17.2,25.8,29,6.4,21335,29.8,43.9,17,7.2,2,13.2,11000638,18.48514604,5,6.1,4.6,14.6,7.8,37,48.8,55.5,42,33.1,38.60324283,50.83,4,,Medium
Bulgaria,48128.6,95.3,25,16.1,36.1,47.7,14.6,33.9,51.5,74.9,5.9,29.8,64.2,54.2,28.9,32.8,28.5,7.3,2.1,0.3,6742,19.1,46.7,23.2,8.7,2.3,15.1,7364570,18.43257651,3,3.6,2.6,11.9,7.6,40.8,49.4,59.3,43.4,24.7,6.535154123,43,25,,Low
Croatia,46639.5,94.5,3,25.6,49,25.4,24.5,42.1,33.4,78.2,15,49.5,35.4,57.7,20.4,31,36.3,9.1,2.8,0.4,8985,25.5,33.8,22.1,14.8,3.8,7,4284889,18.55126235,3.3,6.106451613,2.8,13,13.1,39.4,55.1,62.3,48,41.1,10.88464602,45.17,15.5,,Low
Cyprus,18490.2,97,9.8,28.2,51.8,20,24,48,28.1,82.7,14.2,48.8,37,56.6,29.4,30.4,25.2,10.5,3.8,0.7,16173,44.1,34.6,16.8,3.8,0.7,9.2,840407,23.3226282,3.6,4.7,2.6,10.6,13,39.2,66.1,75.1,57.5,15.4,22.00148261,35,33,,Low
Czech Rep.,176370.1,98.1,11.7,29.6,51.4,19,24.3,44.1,31.5,79.1,21.3,53.3,25.4,32.1,7.1,16.1,35.7,30.3,9.4,1.5,12478,18.6,41.8,27.9,9.7,2,13.5,10436560,18.86248917,3.8,4.9,3.7,6.7,4,40.3,44.5,51.4,37.3,27.4,16.89925608,49.75,15.5,,Medium
Denmark,282089.9,95.5,8.4,44.4,46.4,9.2,41.4,40.9,17.7,80.9,42.7,46.6,10.6,24.5,3.2,6.8,16.9,30.7,26.2,16.1,21355,26.5,44.8,21.1,5.4,2.2,6.8,5560628,18.08200441,7.5,7.9,5.9,10.7,6.2,32.9,46,51.4,41.6,23.9,50.72986361,56,10,,Medium
Estonia,21682.6,92.8,9.2,26.6,55.1,18.4,22.2,44.9,33,78,13.5,52.1,34.4,31.6,4.9,10.5,42.1,29.4,11.3,1.9,11867,9.3,43.6,32.7,12.5,1.9,9.9,1294455,19.68836306,5.2,6,4.4,5.8,6.8,38.4,41.9,48.4,35.9,25.6,16.75036985,59,26,,Medium
Finland,216073,98.1,6.5,40.8,54.6,4.7,35.9,51.6,12.5,81.5,38.6,55.5,6,29.4,2.3,4.6,17.6,32.8,25.8,16.9,19997,20.2,50.1,23.8,5,0.9,7.2,5375276,18.71395999,7.2,8.2,6,11.4,8.8,36.7,36.6,43.9,31.3,21.9,40.19756381,64,26,,Medium
France,2228568,93.1,14.8,20,64.7,15.4,23.3,51.4,25.2,82.7,16.1,64.8,19.1,31.8,4.2,15,39.8,26.8,12.2,1.9,20621,21.9,44.5,25.5,7.1,1,14.1,64933400,18.52750049,4.5,5.6,3,8.4,10.1,37.3,52.3,60.5,45.6,30.7,34.32082719,46,2,,Medium
Germany,3159750,96.7,14.1,25,50.7,24.3,24.2,42.5,33.3,81,25,55.8,19.2,30,2.3,4.6,9.6,39.4,32.2,12,21152,18,47.2,26.5,6.9,1.4,23.2,80219695,17.10558984,5.3,6.4,4.9,9.6,4.1,35.1,46.6,54,40.5,29.4,39.38870623,51,9,,Medium
Greece,176487.9,96.2,11.8,14,48.3,37.7,11.6,52.2,36.2,81.5,12.8,51.8,35.5,53.6,40.6,36.2,17,4.4,1.5,0.3,9048,45,29,15.6,7.5,2.8,19.6,10816286,17.60441616,4.1,5,2,17.2,23.6,42.3,62.5,70.1,53.9,25.3,16.31686699,39,22,,Medium
Hungary,113903.8,97.2,9.7,23,55.7,21.3,15.4,49.4,35.2,76.2,11.3,50.2,38.5,50.8,17.1,25.7,38.1,15.6,3.1,0.4,8267,17.6,42,27.1,10.4,2.8,12.8,9937628,18.3451222,5.1,5.7,4.5,8.2,5.1,39.7,50.3,58.3,42.7,22.7,11.46186998,47,20,,Medium
Iceland,18646.1,96.4,2.2,42.3,48,9.6,35,43,22,82.2,38.1,52.4,9.5,30.9,6.2,7.9,20.9,34.9,15.7,14.3,22193,38.3,37.7,17.4,5,1.5,7.9,315556,21.59331466,5.7,7.7,3.7,4.3,3,39.3,38.5,43.1,34.2,38.1,59.0896703,65,-18,,Medium
Ireland,273238.2,96.2,9.9,28.3,51.7,20,29.1,42.3,28.6,81.8,30.6,52.7,16.7,45.3,12,15.4,36.7,25.4,7.7,2.7,18286,41.7,41.1,13.7,2.8,0.8,4.6,4574888,20.60133494,5.1,6.9,3.2,18.2,8.4,35.9,49.4,55.2,44,40.8,59.72565886,53,-8,,Medium
Italy,1689824,86.8,14.7,20.2,62.2,17.6,13.8,58.2,28,83.4,14.2,63,22.7,40.4,10.9,22.4,41.4,20.5,4.4,0.3,16237,10.5,60.4,21.4,6.4,1.3,15.1,59433744,15.47497327,3.6,5.8,2.1,12.8,11.7,37,56.3,63.8,49.1,30.4,28.43206378,42.83,12.83,,Medium
Latvia,25037.7,91.8,10,25.8,56.9,17.3,21.4,57.8,20.8,74.9,12.6,56.6,30.8,60,12.4,26.9,38.7,16.5,4.6,0.9,9257,5.1,42.1,37.2,12.6,3,17.2,2070371,20.44285783,4.5,5.4,3.6,7.2,9.6,38.7,42.9,48.8,38.2,23.2,12.09333979,57,25,,Medium
Lithuania,38849.4,96.8,3.4,29.6,55.4,15,22,52.4,25.6,74.9,18.8,53.3,27.9,53.2,6.9,22.7,50.4,16.3,3.4,0.3,9364,6.6,36.8,39.6,14.2,2.7,15.6,3043429,20.52678081,4.9,6,4.5,10.2,7.9,38.5,43.4,49.6,36.9,26.3,12.76500947,56,24,,Medium
Luxembourg,53303,87.1,12.2,30.4,55.1,14.5,30,47.5,22.5,82.7,25.7,59.5,14.8,21.9,4.2,8.2,16.7,32.4,29.9,8.6,28663,23.4,45.8,21.2,7.8,1.8,16.1,512353,18.94065225,5.3,6.1,5,6.6,6.3,37.5,46.7,54.6,41.2,32.4,104.0356941,49.75,6.17,,Medium
Malta,10344.1,96.1,10.4,27.2,59.7,13.1,23.6,46.1,30.3,82.6,21.9,57.7,20.4,20.8,6.7,13.2,24.6,40.3,13.5,1.6,17264,22.3,50.6,23.9,2.6,0.5,30.2,417432,20.59065908,4.9,6.3,5.7,7.3,4.7,38.7,65.7,72.3,59.1,22,24.7803235,35.83,14.58,,Medium
Netherlands,708337,90.9,16.9,22.9,71.7,5.4,18.9,75.2,5.9,81.7,26.1,68.3,5.6,22.5,3,9.6,15.1,19.2,41.1,12,21189,22.5,53.4,19.2,4.2,0.7,13.2,16655799,18.26997912,6.2,6.6,5.5,9.7,6,30.3,49.2,55.1,43.7,29.7,42.52795078,52.5,5.75,,Medium
Norway,335747.5,97.1,4.6,39.1,53.6,7.2,30.2,45.3,24.5,82.5,35.6,54.1,10.3,18.1,2,3.4,8.7,29.8,33.9,22.2,27670,28.8,48.4,15.1,6.4,1.3,6.8,4979954,19.58654638,7.2,7.5,5.9,7.7,4.7,33.8,39.8,44.1,33.8,44.2,67.41979946,62,10,,Medium
Poland,426547.5,95.9,5.6,32,48.2,19.8,27.8,42.3,29.9,78,29.4,50.7,19.9,37.9,8.4,16.4,38.2,26.5,8.3,2.2,10865,15.9,42.7,27.8,11,2.7,11.4,38044565,21.91580847,4.2,5.2,3.5,6.4,6.2,40.7,44.6,56.2,33.8,24.6,11.21178544,52,20,,Medium
Portugal,186480.5,90.4,7.8,24.5,50.4,25.1,23.9,40.6,35.5,81.3,13.8,45.7,40.5,38.3,17,19.7,34.5,21.3,7,0.5,10805,8.7,39,36.4,12.1,3.8,13.1,10562178,17.07404477,2.9,5.4,1.7,9.1,11.2,39.4,60.4,68.3,54.2,32.5,17.65549681,39.5,-8,,High
Romania,170393.6,95.6,14.1,20.4,61.6,18,18,59.6,22.4,75.3,19.7,63.7,16.7,54.5,18.1,26,40.9,11.7,2.6,0.7,4724,26.6,43.9,22.3,6,1.2,14.5,20121641,18.77532752,5.8,6.4,4.8,8.2,5.9,39.9,47.6,57.1,41.1,24.7,8.468176129,46,25,,Medium
Slovakia,81226.1,97.9,6.9,29.2,48.5,22.3,26.6,44,29.4,77.3,25,48.6,26.4,37.9,10.1,19.5,41.3,23.6,4.7,0.7,10466,22.4,44.1,21.8,9.1,2.6,9.3,5397036,21.90859946,3.6,4.4,3.5,6.5,9.7,40.1,43.2,53,36,26.2,15.05013122,48.67,19.5,,High
Slovenia,40357.2,96.4,8.5,29.1,51.5,19.3,24.7,45.7,29.6,81.2,20.4,55.2,24.4,41.7,8,17.9,37.2,22.8,12.2,1.8,15250,20.3,44.2,25.5,8.2,1.7,15.9,2050189,18.30879982,2.7,5.5,1.8,7.4,8,39.3,46.4,53.8,38.7,49.1,19.6846242,46,15,,Medium
Spain,1118743,96.9,10.3,19.4,59.1,21.5,21.2,49,29.7,83.5,18.4,58.4,23.2,38.7,16.6,19,27,25.4,11.1,0.9,15347,15.6,56.9,20.6,5.5,1.4,10.1,46815910,16.67433144,3.1,5.4,1.9,14.9,19.6,37.7,60,69.3,52.3,21.7,23.89664112,40,-4,,Medium
Sweden,463147.5,97.3,12.7,34.5,52.5,13,33.2,44.9,21.9,82.4,34.4,56.6,9,20.7,3.1,4.5,11.1,33.1,26.1,22.1,20955,29,46,19.2,4.5,1.2,6.3,9482855,19.38629242,6.7,7.1,5.5,8.5,7,36.4,40.3,46.7,33.6,22.6,48.84051269,62,15,,Medium
Switzerland,605753.7,95.7,10.9,36.6,54.9,8.5,25.8,46.7,27.5,83.7,38.5,53.5,8,21,3.7,8.9,16.5,29,30,11.9,27692,33.2,44.5,17.8,3.8,0.7,8.9,7954662,18.44578689,7,7.4,6.6,5.5,5,34.7,42.5,50.8,35.8,46.7,76.150778,47,8,,Medium
Turkey,780224.9,95.9,10.7,18.3,39.5,42.2,12.2,36.4,51.5,78.1,11.1,38.6,50.3,34.4,6.8,26.3,36.1,20.2,10.1,0.5,6501,6.5,62.3,21.7,8.3,1.3,24.5,7954662,18.71395999,5.4,6.5,4.9,10.1,10.9,46.8,54.2,63.9,44.6,25.7,98.08397893,39,35,,Low
United Kingdom,2403382.6,93.1,16.8,28,49.6,22.4,29,41.7,29.3,81.2,27.8,53.2,19.1,38,6.8,9.5,24.3,32.9,16.5,10,17296,30.8,38.1,22.2,6.9,1.9,9,63182180,19.94231601,5.5,6.4,3.8,11.3,4.8,36.6,48.8,55.3,42.9,29.7,38.03893123,54,-2,,Medium
